{
  "name": "adapt-NYBC-vanilla",
  "repository": "git://github.com/rraguso/adapt-nybc-vanilla.git",
  "framework": "3.0.0",
  "homepage": "https://github.com/rraguso/adapt-nybc-vanilla",
  "authors": [
    "Rick Raguso rraguso@nybc.org"
  ],
  "displayName": "NYBC",
  "theme": "nybc",
  "description": "New theme for NYBC courses",
  "main": "js/vanilla.js",
  "keywords": [
    "adapt-theme",
    "adapt-plugin"
  ],
  "license": "GPLv3",
  "private": false,
  "ignore": [],
  "_release": "40eff1076f",
  "_resolution": {
    "type": "branch",
    "branch": "master",
    "commit": "40eff1076fc56c866b5745c30d07803e7091d08a"
  },
  "_source": "git://github.com/rraguso/adapt-nybc-vanilla.git",
  "_target": "*",
  "_originalSource": "adapt-NYBC-vanilla",
  "_direct": true
}